[
	{
		"id": 1,
		"竞赛名称": "创新创业大赛",
		"获奖项目名称": "智能家居系统",
		"获奖等级": "一等奖",
		"参赛学生位次": "1",
		"学生姓名": "张三",
		"学号": "20210001",
		"学生所在学院": "计算机学院",
		"学生专业": "软件工程",
		"学生年级": "大三",
		"本/专": "本科",
		"竞赛级别": "国家级",
		"指导教师": "李四",
		"人员代码": "T001",
		"指导位次": "1",
		"指导教师所在学院": "计算机学院",
		"奖金金额（元）": "5000",
		"生效学年职称统计": "2021-2022",
		"证书时间": "2022-06-01",
		"证书颁发部门": "教育部",
		"是否证书等发": "是",
		"成绩公示文件": "公示文件.pdf",
		"证书扫描件": "证书扫描件.pdf",
		"是否公示": "是",
		"status": "已报名"
	},
	{
		"id": 2,
		"竞赛名称": "科技创新大赛",
		"获奖项目名称": "无人机导航系统",
		"获奖等级": "二等奖",
		"参赛学生位次": "2",
		"学生姓名": "李四",
		"学号": "20210002",
		"学生所在学院": "电子信息学院",
		"学生专业": "通信工程",
		"学生年级": "大二",
		"本/专": "本科",
		"竞赛级别": "省级",
		"指导教师": "王五",
		"人员代码": "T002",
		"指导位次": "2",
		"指导教师所在学院": "电子信息学院",
		"奖金金额（元）": "3000",
		"生效学年职称统计": "2021-2022",
		"证书时间": "2022-05-15",
		"证书颁发部门": "省教育厅",
		"是否证书等发": "是",
		"成绩公示文件": "公示文件.pdf",
		"证书扫描件": "证书扫描件.pdf",
		"是否公示": "是",
		"status": "已报名"
	}
]
